Num,SeedWord,Length
1,abbey,5
2,abbot,5
3,abide,5
4,abode,5
5,about,5
6,above,5
7,acorn,5
8,acres,5
9,actor,5
10,acute,5
11,adapt,5
12,added,5
13,admit,5
14,adopt,5
15,adore,5
16,adult,5
17,afoot,5
18,afore,5
19,after,5
20,again,5
21,agape,5
22,agent,5
23,agile,5
24,agree,5
25,ahead,5
26,alarm,5
27,album,5
28,alder,5
29,alert,5
30,alibi,5
31,alien,5
32,align,5
33,alike,5
34,alive,5
35,alley,5
36,alloy,5
37,aloft,5
38,alone,5
39,aloof,5
40,aloud,5
41,alpha,5
42,altar,5
43,alter,5
44,amaze,5
45,amber,5
46,amble,5
47,amend,5
48,amiss,5
49,among,5
50,ample,5
51,amuse,5
52,anger,5
53,angle,5
54,angry,5
55,ankle,5
56,annex,5
57,antic,5
58,antsy,5
59,anvil,5
60,apart,5
61,apple,5
62,april,5
63,apron,5
64,arbor,5
65,ardor,5
66,arena,5
67,argue,5
68,arise,5
69,armor,5
70,aroma,5
71,arose,5
72,array,5
73,arrow,5
74,ashen,5
75,aside,5
76,asked,5
77,aspen,5
78,assay,5
79,asset,5
80,atlas,5
81,atone,5
82,attic,5
83,audio,5
84,augur,5
85,avail,5
86,avert,5
87,avoid,5
88,awake,5
89,aware,5
90,awash,5
91,awful,5
92,axiom,5
93,azure,5
94,bacon,5
95,badge,5
96,badly,5
97,baker,5
98,balmy,5
99,banal,5
100,bandy,5
101,banjo,5
102,banks,5
103,barge,5
104,baron,5
105,based,5
106,basis,5
107,batch,5
108,bathe,5
109,baton,5
110,beach,5
111,beads,5
112,beams,5
113,beans,5
114,beard,5
115,beast,5
116,beats,5
117,beech,5
118,beefy,5
119,began,5
120,beget,5
121,begin,5
122,begun,5
123,being,5
124,belly,5
125,below,5
126,belts,5
127,bench,5
128,bends,5
129,berry,5
130,berth,5
131,beset,5
132,bevel,5
133,bicep,5
134,biddy,5
135,bight,5
136,bikes,5
137,birch,5
138,birds,5
139,birth,5
140,bison,5
141,bitty,5
142,black,5
143,blade,5
144,blame,5
145,bland,5
146,blast,5
147,blaze,5
148,bleak,5
149,bleed,5
150,blend,5
151,bless,5
152,blimp,5
153,blind,5
154,bliss,5
155,block,5
156,blond,5
157,bloom,5
158,blowy,5
159,blues,5
160,bluff,5
161,blunt,5
162,blurt,5
163,blush,5
164,board,5
165,boast,5
166,boats,5
167,bogey,5
168,boggy,5
169,bogus,5
170,boils,5
171,bolts,5
172,bondi,5
173,bones,5
174,bongo,5
175,bonny,5
176,bonus,5
177,books,5
178,boost,5
179,booth,5
180,borax,5
181,botch,5
182,bough,5
183,bound,5
184,bowls,5
185,boxer,5
186,brace,5
187,brain,5
188,brake,5
189,brand,5
190,brass,5
191,bravo,5
192,brawn,5
193,break,5
194,breed,5
195,briar,5
196,brick,5
197,bride,5
198,brief,5
199,brink,5
200,brisk,5
201,broad,5
202,broil,5
203,broke,5
204,broom,5
205,broth,5
206,brown,5
207,brunt,5
208,brush,5
209,brute,5
210,buddy,5
211,budge,5
212,buggy,5
213,bugle,5
214,built,5
215,bulbs,5
216,bulge,5
217,bulky,5
218,bully,5
219,bumps,5
220,bunch,5
221,bunks,5
222,bunny,5
223,burly,5
224,burns,5
225,burst,5
226,buses,5
227,bushy,5
228,butch,5
229,butte,5
230,buyer,5
231,cabin,5
232,cable,5
233,cache,5
234,cadet,5
235,caged,5
236,cairn,5
237,cakes,5
238,calif,5
239,calls,5
240,calve,5
241,camel,5
242,camps,5
243,canal,5
244,candy,5
245,canes,5
246,canny,5
247,canon,5
248,caper,5
249,carat,5
250,cards,5
251,cargo,5
252,carol,5
253,carry,5
254,carve,5
255,cases,5
256,caste,5
257,catch,5
258,cater,5
259,catty,5
260,cause,5
261,caves,5
262,cavil,5
263,cease,5
264,cedar,5
265,cells,5
266,chafe,5
267,chain,5
268,chalk,5
269,champ,5
270,chant,5
271,chaos,5
272,chart,5
273,chasm,5
274,cheat,5
275,check,5
276,cheek,5
277,chess,5
278,chick,5
279,chief,5
280,chill,5
281,chimp,5
282,chink,5
283,chips,5
284,chirp,5
285,chive,5
286,chock,5
287,choir,5
288,choke,5
289,chore,5
290,chose,5
291,chuck,5
292,chunk,5
293,churn,5
294,cider,5
295,cigar,5
296,cinch,5
297,cited,5
298,civil,5
299,claim,5
300,clamp,5
301,clank,5
302,clash,5
303,clave,5
304,clean,5
305,cleft,5
306,clerk,5
307,click,5
308,cliff,5
309,climb,5
310,cling,5
311,cloak,5
312,clock,5
313,clogs,5
314,clone,5
315,close,5
316,cloth,5
317,clout,5
318,clove,5
319,clown,5
320,clubs,5
321,cluck,5
322,clues,5
323,clung,5
324,coach,5
325,coals,5
326,coast,5
327,coats,5
328,cobra,5
329,cocoa,5
330,codes,5
331,coils,5
332,coins,5
333,colds,5
334,colts,5
335,comet,5
336,comfy,5
337,comic,5
338,comma,5
339,conch,5
340,coral,5
341,cords,5
342,cores,5
343,corny,5
344,corps,5
345,costs,5
346,couch,5
347,cough,5
348,count,5
349,court,5
350,couth,5
351,cover,5
352,cower,5
353,crack,5
354,craft,5
355,cramp,5
356,crane,5
357,crash,5
358,crate,5
359,crave,5
360,crawl,5
361,crazy,5
362,cream,5
363,creek,5
364,creme,5
365,crepe,5
366,crest,5
367,crews,5
368,crick,5
369,crier,5
370,crime,5
371,crisp,5
372,croak,5
373,crock,5
374,crony,5
375,crook,5
376,crops,5
377,cross,5
378,croup,5
379,crown,5
380,crumb,5
381,crush,5
382,crypt,5
383,cubes,5
384,cubic,5
385,cuffs,5
386,cumin,5
387,cupid,5
388,curbs,5
389,curds,5
390,cures,5
391,curly,5
392,curry,5
393,curse,5
394,curve,5
395,cushy,5
396,cutie,5
397,cycle,5
398,cynic,5
399,daffy,5
400,daily,5
401,dairy,5
402,daisy,5
403,dance,5
404,dandy,5
405,dares,5
406,darts,5
407,dated,5
408,datum,5
409,daunt,5
410,dawns,5
411,dealt,5
412,death,5
413,debit,5
414,debts,5
415,debut,5
416,decay,5
417,decks,5
418,decor,5
419,deeds,5
420,deems,5
421,deeps,5
422,defer,5
423,deify,5
424,deign,5
425,delay,5
426,delta,5
427,delve,5
428,demur,5
429,denim,5
430,dense,5
431,dents,5
432,depot,5
433,depth,5
434,derby,5
435,desks,5
436,deter,5
437,deuce,5
438,dials,5
439,diary,5
440,dicey,5
441,dicta,5
442,digit,5
443,dilly,5
444,dimes,5
445,diner,5
446,dingo,5
447,diode,5
448,dirge,5
449,dirty,5
450,discs,5
451,ditch,5
452,ditto,5
453,dives,5
454,dizzy,5
455,docks,5
456,dodge,5
457,dogma,5
458,doing,5
459,dolls,5
460,donor,5
461,donut,5
462,doors,5
463,dopey,5
464,dosed,5
465,doted,5
466,doubt,5
467,dough,5
468,douse,5
469,doves,5
470,dowel,5
471,downy,5
472,dowry,5
473,dozen,5
474,draft,5
475,drain,5
476,drake,5
477,drama,5
478,drank,5
479,drape,5
480,draws,5
481,dream,5
482,dregs,5
483,dress,5
484,dried,5
485,drift,5
486,drill,5
487,drink,5
488,drips,5
489,drive,5
490,droit,5
491,droll,5
492,drone,5
493,droop,5
494,drops,5
495,dross,5
496,drove,5
497,drown,5
498,druid,5
499,drums,5
500,dryer,5
501,duals,5
502,duchy,5
503,ducky,5
504,duels,5
505,duets,5
506,dully,5
507,dumpy,5
508,dunce,5
509,dunes,5
510,dunks,5
511,dusky,5
512,dusty,5
513,dwarf,5
514,dwelt,5
515,eager,5
516,eagle,5
517,early,5
518,earns,5
519,earth,5
520,easel,5
521,ebony,5
522,echos,5
523,edict,5
524,edify,5
525,eight,5
526,eject,5
527,elate,5
528,elbow,5
529,elder,5
530,elect,5
531,elegy,5
532,elite,5
533,elope,5
534,elude,5
535,elves,5
536,email,5
537,embed,5
538,emcee,5
539,emery,5
540,emits,5
541,empty,5
542,enact,5
543,ended,5
544,endow,5
545,enjoy,5
546,ennui,5
547,enrol,5
548,ensue,5
549,enter,5
550,entry,5
551,envoy,5
552,epoch,5
553,epoxy,5
554,equal,5
555,equip,5
556,erase,5
557,erode,5
558,error,5
559,erupt,5
560,essay,5
561,ester,5
562,ether,5
563,ethic,5
564,ethos,5
565,evade,5
566,evens,5
567,every,5
568,evict,5
569,evoke,5
570,exact,5
571,exalt,5
572,exams,5
573,excel,5
574,exert,5
575,exile,5
576,exist,5
577,exits,5
578,expel,5
579,extol,5
580,extra,5
581,exude,5
582,exult,5
583,exurb,5
584,fable,5
585,facet,5
586,facts,5
587,fades,5
588,fails,5
589,faint,5
590,fairy,5
591,faith,5
592,faker,5
593,falls,5
594,famed,5
595,fancy,5
596,farce,5
597,farms,5
598,fault,5
599,fauna,5
600,favor,5
601,feast,5
602,feats,5
603,feeds,5
604,feels,5
605,feign,5
606,feint,5
607,fella,5
608,femur,5
609,fence,5
610,fends,5
611,feral,5
612,ferns,5
613,ferry,5
614,fetch,5
615,fever,5
616,fewer,5
617,fiber,5
618,ficus,5
619,field,5
620,fiend,5
621,fiery,5
622,fifth,5
623,fight,5
624,filch,5
625,filed,5
626,filly,5
627,filmy,5
628,final,5
629,finch,5
630,finds,5
631,finer,5
632,finis,5
633,fiord,5
634,fired,5
635,firms,5
636,first,5
637,fishy,5
638,fists,5
639,fitly,5
640,fiver,5
641,fixed,5
642,fizzy,5
643,fjord,5
644,flack,5
645,flags,5
646,flair,5
647,flaky,5
648,flame,5
649,flank,5
650,flaps,5
651,flare,5
652,flask,5
653,flats,5
654,flaws,5
655,fleas,5
656,fleck,5
657,fleet,5
658,flesh,5
659,flick,5
660,flier,5
661,flint,5
662,flips,5
663,float,5
664,flock,5
665,floor,5
666,flops,5
667,flora,5
668,floss,5
669,flour,5
670,flown,5
671,flubs,5
672,fluid,5
673,fluke,5
674,flunk,5
675,flush,5
676,flute,5
677,foamy,5
678,focal,5
679,focus,5
680,foggy,5
681,foist,5
682,folds,5
683,folio,5
684,folks,5
685,folly,5
686,fonts,5
687,foods,5
688,fools,5
689,foots,5
690,foray,5
691,force,5
692,forgo,5
693,forks,5
694,forms,5
695,forth,5
696,forum,5
697,fount,5
698,foxes,5
699,foyer,5
700,frail,5
701,frame,5
702,frank,5
703,fraud,5
704,frays,5
705,freak,5
706,freed,5
707,fresh,5
708,friar,5
709,fries,5
710,frill,5
711,frisk,5
712,frizz,5
713,frock,5
714,frogs,5
715,frond,5
716,frosh,5
717,froth,5
718,frown,5
719,froze,5
720,fruit,5
721,frump,5
722,fryer,5
723,fudge,5
724,fuels,5
725,fugal,5
726,fully,5
727,fumed,5
728,funds,5
729,funky,5
730,funny,5
731,furls,5
732,furor,5
733,furry,5
734,furze,5
735,fuses,5
736,fussy,5
737,fusty,5
738,fuzzy,5
739,gable,5
740,gaffe,5
741,gaily,5
742,gains,5
743,gaits,5
744,gales,5
745,galls,5
746,galop,5
747,games,5
748,gamma,5
749,gamut,5
750,gangs,5
751,gapes,5
752,garbs,5
753,gases,5
754,gasps,5
755,gassy,5
756,gates,5
757,gaudy,5
758,gauge,5
759,gaunt,5
760,gauze,5
761,gavel,5
762,gawky,5
763,gazer,5
764,gears,5
765,gecko,5
766,geese,5
767,genes,5
768,genie,5
769,genre,5
770,gents,5
771,genus,5
772,geode,5
773,germs,5
774,giant,5
775,giddy,5
776,gifts,5
777,gilds,5
778,gills,5
779,gilts,5
780,girds,5
781,girth,5
782,gismo,5
783,giver,5
784,gizmo,5
785,glade,5
786,gland,5
787,glare,5
788,glass,5
789,glaze,5
790,gleam,5
791,glebe,5
792,glens,5
793,glide,5
794,glint,5
795,gloat,5
796,globe,5
797,gloom,5
798,glory,5
799,gloss,5
800,glove,5
801,glows,5
802,glued,5
803,glyph,5
804,gnarl,5
805,gnash,5
806,gnats,5
807,gnaws,5
808,gnome,5
809,goads,5
810,goals,5
811,goats,5
812,godly,5
813,goers,5
814,going,5
815,golds,5
816,golfs,5
817,golly,5
818,gongs,5
819,goods,5
820,gooey,5
821,goofy,5
822,goose,5
823,gored,5
824,gorge,5
825,gorse,5
826,gotta,5
827,gouge,5
828,gourd,5
829,gouts,5
830,gowns,5
831,grabs,5
832,grace,5
833,grade,5
834,graft,5
835,grain,5
836,grant,5
837,graph,5
838,grass,5
839,grate,5
840,grave,5
841,grays,5
842,graze,5
843,great,5
844,greet,5
845,grids,5
846,grief,5
847,grill,5
848,grime,5
849,grind,5
850,gripe,5
851,grist,5
852,grits,5
853,group,5
854,grove,5
855,grown,5
856,gruel,5
857,gruff,5
858,grunt,5
859,guano,5
860,guard,5
861,guava,5
862,guess,5
863,guide,5
864,guile,5
865,guise,5
866,gulch,5
867,gulfs,5
868,gully,5
869,gulps,5
870,gumbo,5
871,gummy,5
872,gunny,5
873,guppy,5
874,gusty,5
875,gutsy,5
876,gypsy,5
877,habit,5
878,hacks,5
879,hades,5
880,hails,5
881,hairs,5
882,haled,5
883,hallo,5
884,halts,5
885,halve,5
886,handy,5
887,hangs,5
888,hanky,5
889,haply,5
890,happy,5
891,hardy,5
892,harem,5
893,harms,5
894,harps,5
895,harry,5
896,harsh,5
897,hasty,5
898,hatch,5
899,hates,5
900,hauls,5
901,haunt,5
902,haven,5
903,havoc,5
904,hawks,5
905,hazed,5
906,heady,5
907,heals,5
908,heaps,5
909,hears,5
910,heath,5
911,heave,5
912,hedge,5
913,heeds,5
914,heels,5
915,hefty,5
916,heirs,5
917,heist,5
918,helix,5
919,hello,5
920,helms,5
921,helps,5
922,hemps,5
923,hence,5
924,henna,5
925,henry,5
926,herbs,5
927,herds,5
928,hewed,5
929,hexed,5
930,hicks,5
931,hides,5
932,highs,5
933,hiker,5
934,hills,5
935,hilts,5
936,hinds,5
937,hinge,5
938,hints,5
939,hippo,5
940,hired,5
941,hitch,5
942,hives,5
943,hobby,5
944,hocks,5
945,hocus,5
946,hoist,5
947,holds,5
948,holed,5
949,holly,5
950,homer,5
951,honey,5
952,honor,5
953,hoods,5
954,hoofs,5
955,hooks,5
956,hoops,5
957,hoots,5
958,hoper,5
959,horde,5
960,horse,5
961,hosed,5
962,hosts,5
963,hotel,5
964,hotly,5
965,hound,5
966,hours,5
967,house,5
968,hovel,5
969,howdy,5
970,howls,5
971,hubby,5
972,hulky,5
973,hulls,5
974,human,5
975,humid,5
976,humor,5
977,humus,5
978,hunch,5
979,hunks,5
980,hunts,5
981,hurls,5
982,hurry,5
983,husks,5
984,hutch,5
985,hydra,5
986,hyena,5
987,hymns,5
988,hyper,5
989,icier,5
990,icily,5
991,icing,5
992,icons,5
993,ideal,5
994,idiom,5
995,idled,5
996,idols,5
997,idyll,5
998,igloo,5
999,image,5
1000,imbue,5
1001,impel,5
1002,imply,5
1003,inane,5
1004,inapt,5
1005,inbox,5
1006,incur,5
1007,index,5
1008,inept,5
1009,inert,5
1010,infer,5
1011,infix,5
1012,infra,5
1013,ingot,5
1014,inker,5
1015,inlay,5
1016,inlet,5
1017,inner,5
1018,input,5
1019,inset,5
1020,inter,5
1021,intro,5
1022,inure,5
1023,ionic,5
1024,irate,5
1025,irked,5
1026,irons,5
1027,isles,5
1028,issue,5
1029,itchy,5
1030,items,5
1031,ivory,5
1032,jabot,5
1033,jacks,5
1034,jaded,5
1035,jails,5
1036,jambs,5
1037,jaunt,5
1038,jazzy,5
1039,jeans,5
1040,jeeps,5
1041,jeers,5
1042,jelly,5
1043,jenny,5
1044,jerks,5
1045,jests,5
1046,jetty,5
1047,jewel,5
1048,jiffy,5
1049,jimmy,5
1050,jingo,5
1051,jinks,5
1052,jinni,5
1053,jived,5
1054,jocks,5
1055,joint,5
1056,joist,5
1057,joked,5
1058,jolly,5
1059,jolts,5
1060,joust,5
1061,jowls,5
1062,joyed,5
1063,judge,5
1064,juicy,5
1065,julep,5
1066,jumbo,5
1067,jumpy,5
1068,junco,5
1069,junks,5
1070,junta,5
1071,juror,5
1072,kabob,5
1073,kapok,5
1074,kappa,5
1075,karma,5
1076,kayak,5
1077,kazoo,5
1078,kebab,5
1079,keels,5
1080,keeps,5
1081,kelps,5
1082,kempt,5
1083,ketch,5
1084,keyed,5
1085,khaki,5
1086,kicks,5
1087,kiddy,5
1088,kills,5
1089,kilns,5
1090,kilts,5
1091,kinky,5
1092,kiosk,5
1093,kitty,5
1094,klutz,5
1095,knack,5
1096,knave,5
1097,knead,5
1098,kneel,5
1099,knelt,5
1100,knife,5
1101,knits,5
1102,knobs,5
1103,knock,5
1104,knoll,5
1105,knots,5
1106,knows,5
1107,koala,5
1108,kooky,5
1109,krone,5
1110,kudos,5
1111,label,5
1112,labor,5
1113,lacer,5
1114,lacks,5
1115,laden,5
1116,ladle,5
1117,lager,5
1118,lairs,5
1119,laity,5
1120,lakes,5
1121,lambs,5
1122,lamed,5
1123,lamps,5
1124,lance,5
1125,lands,5
1126,lanes,5
1127,lanky,5
1128,lapel,5
1129,lapse,5
1130,larch,5
1131,lards,5
1132,large,5
1133,larks,5
1134,larva,5
1135,laser,5
1136,lasso,5
1137,lasts,5
1138,latch,5
1139,later,5
1140,laths,5
1141,latte,5
1142,lauds,5
1143,laugh,5
1144,lawny,5
1145,laxly,5
1146,layer,5
1147,leach,5
1148,leads,5
1149,leafy,5
1150,leaks,5
1151,leans,5
1152,leaps,5
1153,learn,5
1154,leash,5
1155,leave,5
1156,ledge,5
1157,leech,5
1158,leeks,5
1159,leers,5
1160,lefts,5
1161,legal,5
1162,leggy,5
1163,lemon,5
1164,lemur,5
1165,lends,5
1166,letup,5
1167,level,5
1168,lexis,5
1169,libel,5
1170,licit,5
1171,licks,5
1172,liege,5
1173,liens,5
1174,lifer,5
1175,lifts,5
1176,light,5
1177,liken,5
1178,lilac,5
1179,limbs,5
1180,limes,5
1181,limit,5
1182,limps,5
1183,lines,5
1184,lingo,5
1185,links,5
1186,lions,5
1187,lipid,5
1188,lists,5
1189,liter,5
1190,lithe,5
1191,litre,5
1192,lived,5
1193,livid,5
1194,llama,5
1195,loads,5
1196,loafs,5
1197,loamy,5
1198,loans,5
1199,loath,5
1200,lobar,5
1201,lobby,5
1202,lobes,5
1203,local,5
1204,locks,5
1205,locus,5
1206,lodge,5
1207,lofty,5
1208,logic,5
1209,lolls,5
1210,loner,5
1211,longs,5
1212,loofa,5
1213,looks,5
1214,looms,5
1215,loony,5
1216,loopy,5
1217,loose,5
1218,loots,5
1219,lopes,5
1220,lords,5
1221,lores,5
1222,lorry,5
1223,lossy,5
1224,lotto,5
1225,lotus,5
1226,lough,5
1227,louis,5
1228,lousy,5
1229,louts,5
1230,loved,5
1231,lower,5
1232,lowly,5
1233,loyal,5
1234,lucid,5
1235,lucky,5
1236,lucre,5
1237,lulls,5
1238,lumps,5
1239,lunar,5
1240,lunch,5
1241,lunge,5
1242,lurch,5
1243,lures,5
1244,lurid,5
1245,lurks,5
1246,lutes,5
1247,lying,5
1248,lymph,5
1249,lynch,5
1250,lyres,5
1251,lyric,5
1252,macaw,5
1253,macho,5
1254,macro,5
1255,madam,5
1256,madly,5
1257,mafia,5
1258,magic,5
1259,magma,5
1260,maids,5
1261,mails,5
1262,maims,5
1263,mains,5
1264,maize,5
1265,major,5
1266,maker,5
1267,malls,5
1268,malts,5
1269,mambo,5
1270,manes,5
1271,mango,5
1272,mania,5
1273,manly,5
1274,manor,5
1275,manse,5
1276,maple,5
1277,march,5
1278,mares,5
1279,marge,5
1280,marks,5
1281,marly,5
1282,marry,5
1283,marsh,5
1284,maser,5
1285,mashy,5
1286,masks,5
1287,mason,5
1288,masse,5
1289,masts,5
1290,match,5
1291,mated,5
1292,maths,5
1293,matin,5
1294,mauls,5
1295,mauve,5
1296,maven,5
1297,maxed,5
1298,maxim,5
1299,maybe,5
1300,mayor,5
1301,mayst,5
1302,mazed,5
1303,meads,5
1304,meals,5
1305,means,5
1306,meats,5
1307,medal,5
1308,media,5
1309,meets,5
1310,melee,5
1311,melon,5
1312,melts,5
1313,memos,5
1314,mends,5
1315,menus,5
1316,meows,5
1317,mercy,5
1318,merge,5
1319,merit,5
1320,merry,5
1321,mesas,5
1322,meshy,5
1323,messy,5
1324,metal,5
1325,meted,5
1326,metro,5
1327,micas,5
1328,micro,5
1329,midge,5
1330,midst,5
1331,miens,5
1332,might,5
1333,miked,5
1334,milch,5
1335,miles,5
1336,milky,5
1337,mills,5
1338,mimer,5
1339,mimic,5
1340,mince,5
1341,minds,5
1342,mined,5
1343,mingy,5
1344,minim,5
1345,minks,5
1346,minor,5
1347,minty,5
1348,minus,5
1349,mired,5
1350,mirth,5
1351,miser,5
1352,missy,5
1353,misty,5
1354,miter,5
1355,mitts,5
1356,mixes,5
1357,moats,5
1358,mocha,5
1359,mocks,5
1360,modal,5
1361,model,5
1362,molar,5
1363,moldy,5
1364,moles,5
1365,molls,5
1366,molts,5
1367,monad,5
1368,mondo,5
1369,mongo,5
1370,monks,5
1371,monos,5
1372,month,5
1373,moons,5
1374,moors,5
1375,moose,5
1376,moped,5
1377,moray,5
1378,mores,5
1379,morns,5
1380,morph,5
1381,morse,5
1382,mosey,5
1383,mossy,5
1384,motel,5
1385,motor,5
1386,motto,5
1387,moult,5
1388,mount,5
1389,mouse,5
1390,mouth,5
1391,mover,5
1392,movie,5
1393,mowed,5
1394,moxie,5
1395,mucky,5
1396,muffy,5
1397,muggy,5
1398,mulch,5
1399,muled,5
1400,mulls,5
1401,multi,5
1402,mummy,5
1403,mumps,5
1404,mumsy,5
1405,mural,5
1406,murks,5
1407,muses,5
1408,music,5
1409,musky,5
1410,mussy,5
1411,musty,5
1412,mutes,5
1413,mutts,5
1414,myrrh,5
1415,myths,5
1416,nadir,5
1417,naiad,5
1418,nails,5
1419,naive,5
1420,namer,5
1421,nanny,5
1422,napes,5
1423,nappy,5
1424,narcs,5
1425,nasal,5
1426,nasty,5
1427,natal,5
1428,natch,5
1429,natty,5
1430,naval,5
1431,naves,5
1432,navvy,5
1433,neaps,5
1434,nears,5
1435,neath,5
1436,necks,5
1437,needs,5
1438,neigh,5
1439,neons,5
1440,nerdy,5
1441,nervy,5
1442,nests,5
1443,never,5
1444,newer,5
1445,newly,5
1446,newsy,5
1447,newts,5
1448,nexus,5
1449,nicer,5
1450,niche,5
1451,nicks,5
1452,niece,5
1453,nifty,5
1454,night,5
1455,nines,5
1456,ninja,5
1457,ninny,5
1458,ninth,5
1459,nippy,5
1460,niter,5
1461,nitre,5
1462,nitty,5
1463,nixes,5
1464,nobby,5
1465,nobly,5
1466,nocks,5
1467,nodal,5
1468,noddy,5
1469,nodes,5
1470,nodus,5
1471,noels,5
1472,nohow,5
1473,noily,5
1474,noire,5
1475,noise,5
1476,nomad,5
1477,nonce,5
1478,nones,5
1479,nonny,5
1480,norms,5
1481,north,5
1482,noses,5
1483,noted,5
1484,nouns,5
1485,novel,5
1486,noway,5
1487,nubby,5
1488,nudge,5
1489,nulls,5
1490,nurse,5
1491,nutty,5
1492,oaken,5
1493,oakum,5
1494,oared,5
1495,oases,5
1496,oaten,5
1497,oaths,5
1498,oaves,5
1499,obeys,5
1500,obits,5
1501,oboes,5
1502,occur,5
1503,ocean,5
1504,ocher,5
1505,ochre,5
1506,octal,5
1507,octet,5
1508,odder,5
1509,oddly,5
1510,odium,5
1511,odors,5
1512,odour,5
1513,often,5
1514,ogres,5
1515,ohmic,5
1516,oiler,5
1517,oinks,5
1518,okapi,5
1519,okays,5
1520,olden,5
1521,oldie,5
1522,oleic,5
1523,oleos,5
1524,olive,5
1525,ombre,5
1526,omega,5
1527,omens,5
1528,omits,5
1529,onion,5
1530,onset,5
1531,oohed,5
1532,oomph,5
1533,oozed,5
1534,opens,5
1535,opera,5
1536,opine,5
1537,opted,5
1538,orals,5
1539,orate,5
1540,orbit,5
1541,orcas,5
1542,oribi,5
1543,oriel,5
1544,other,5
1545,ought,5
1546,ounce,5
1547,ousts,5
1548,outdo,5
1549,outer,5
1550,outgo,5
1551,ovals,5
1552,ovary,5
1553,ovate,5
1554,ovens,5
1555,overt,5
1556,ovine,5
1557,ovoid,5
1558,ovule,5
1559,owlet,5
1560,owner,5
1561,oxbow,5
1562,oxeye,5
1563,oxide,5
1564,oxter,5
1565,ozone,5
1566,paces,5
1567,packs,5
1568,pacts,5
1569,paddy,5
1570,padre,5
1571,paean,5
1572,pager,5
1573,pails,5
1574,paint,5
1575,pairs,5
1576,paler,5
1577,palls,5
1578,palmy,5
1579,palsy,5
1580,panda,5
1581,panel,5
1582,pangs,5
1583,panic,5
1584,pansy,5
1585,panty,5
1586,papaw,5
1587,pappy,5
1588,parch,5
1589,pards,5
1590,paris,5
1591,parka,5
1592,party,5
1593,pasha,5
1594,passe,5
1595,patch,5
1596,paten,5
1597,paths,5
1598,patio,5
1599,patty,5
1600,paves,5
1601,pawed,5
1602,pawls,5
1603,pawns,5
1604,payed,5
1605,peach,5
1606,peaky,5
1607,peals,5
1608,pearl,5
1609,peaty,5
1610,pecks,5
1611,peeks,5
1612,peels,5
1613,peeps,5
1614,peers,5
1615,peeve,5
1616,pelts,5
1617,penal,5
1618,pends,5
1619,peons,5
1620,peppy,5
1621,peril,5
1622,perks,5
1623,perms,5
1624,perry,5
1625,perse,5
1626,pesky,5
1627,pesto,5
1628,petal,5
1629,peter,5
1630,petty,5
1631,pewed,5
1632,pewit,5
1633,phial,5
1634,phlox,5
1635,phone,5
1636,photo,5
1637,phyla,5
1638,piano,5
1639,picas,5
1640,picky,5
1641,picot,5
1642,piece,5
1643,piers,5
1644,piety,5
1645,piggy,5
1646,pigmy,5
1647,piker,5
1648,pilaf,5
1649,piled,5
1650,pills,5
1651,pilot,5
1652,pinch,5
1653,pined,5
1654,pings,5
1655,pinks,5
1656,pinna,5
1657,pinon,5
1658,pints,5
1659,pious,5
1660,piped,5
1661,pique,5
1662,pirog,5
1663,pitch,5
1664,pithy,5
1665,piton,5
1666,pivot,5
1667,pixel,5
1668,pixie,5
1669,pizza,5
1670,place,5
1671,plain,5
1672,plant,5
1673,plats,5
1674,playa,5
1675,plaza,5
1676,pleas,5
1677,plebs,5
1678,plies,5
1679,plink,5
1680,plods,5
1681,plonk,5
1682,plops,5
1683,plots,5
1684,plows,5
1685,ploys,5
1686,pluck,5
1687,plugs,5
1688,plumb,5
1689,plush,5
1690,plyer,5
1691,poach,5
1692,pocky,5
1693,podgy,5
1694,poems,5
1695,poesy,5
1696,poets,5
1697,point,5
1698,poise,5
1699,poked,5
1700,polar,5
1701,poled,5
1702,polka,5
1703,polls,5
1704,polyp,5
1705,pomps,5
1706,ponce,5
1707,ponds,5
1708,pones,5
1709,pongo,5
1710,pooch,5
1711,poofy,5
1712,pools,5
1713,popes,5
1714,poppy,5
1715,popup,5
1716,porch,5
1717,pores,5
1718,porky,5
1719,ports,5
1720,posed,5
1721,posit,5
1722,posse,5
1723,posts,5
1724,pouch,5
1725,poult,5
1726,pound,5
1727,pours,5
1728,pouty,5
1729,power,5
1730,poxes,5
1731,prams,5
1732,prank,5
1733,prats,5
1734,prawn,5
1735,prays,5
1736,preen,5
1737,preps,5
1738,prexy,5
1739,preys,5
1740,price,5
1741,pride,5
1742,prier,5
1743,prigs,5
1744,prime,5
1745,print,5
1746,prism,5
1747,privy,5
1748,prize,5
1749,probe,5
1750,prods,5
1751,proem,5
1752,profs,5
1753,proms,5
1754,prong,5
1755,proof,5
1756,props,5
1757,prosy,5
1758,proud,5
1759,prows,5
1760,proxy,5
1761,prude,5
1762,prune,5
1763,psalm,5
1764,pshaw,5
1765,pucks,5
1766,puffs,5
1767,pulls,5
1768,pulpy,5
1769,pulse,5
1770,pumas,5
1771,pumps,5
1772,punch,5
1773,punky,5
1774,punny,5
1775,punts,5
1776,pupal,5
1777,pupil,5
1778,puppy,5
1779,purer,5
1780,purge,5
1781,purls,5
1782,purrs,5
1783,purse,5
1784,pushy,5
1785,putty,5
1786,pygmy,5
1787,pylon,5
1788,pyres,5
1789,pyxes,5
1790,quack,5
1791,quads,5
1792,quaff,5
1793,quail,5
1794,quake,5
1795,qualm,5
1796,quash,5
1797,quays,5
1798,quell,5
1799,query,5
1800,quest,5
1801,queue,5
1802,quick,5
1803,quids,5
1804,quiet,5
1805,quilt,5
1806,quint,5
1807,quips,5
1808,quirk,5
1809,quits,5
1810,quoit,5
1811,quota,5
1812,rabid,5
1813,racer,5
1814,racks,5
1815,radon,5
1816,rafts,5
1817,raids,5
1818,rails,5
1819,rains,5
1820,raise,5
1821,rajah,5
1822,raked,5
1823,rally,5
1824,ralph,5
1825,ramie,5
1826,ramps,5
1827,ranch,5
1828,rands,5
1829,ranks,5
1830,rants,5
1831,rapid,5
1832,rarer,5
1833,rasps,5
1834,rated,5
1835,ratty,5
1836,rawer,5
1837,rayed,5
1838,rayon,5
1839,razer,5
1840,razor,5
1841,reach,5
1842,reads,5
1843,realm,5
1844,reams,5
1845,reaps,5
1846,rears,5
1847,rebar,5
1848,rebel,5
1849,rebid,5
1850,rebus,5
1851,recap,5
1852,recur,5
1853,reded,5
1854,redly,5
1855,reedy,5
1856,reels,5
1857,reeve,5
1858,refit,5
1859,refry,5
1860,rehab,5
1861,reign,5
1862,reins,5
1863,relax,5
1864,relic,5
1865,remix,5
1866,renal,5
1867,rends,5
1868,renew,5
1869,rents,5
1870,repay,5
1871,repel,5
1872,reran,5
1873,rerun,5
1874,reset,5
1875,resin,5
1876,rests,5
1877,retro,5
1878,reuse,5
1879,revel,5
1880,revue,5
1881,rheas,5
1882,rheum,5
1883,rhino,5
1884,rhomb,5
1885,rhyme,5
1886,rials,5
1887,ricer,5
1888,rider,5
1889,ridge,5
1890,rifle,5
1891,rifts,5
1892,right,5
1893,rigid,5
1894,rigor,5
1895,riles,5
1896,rills,5
1897,rimes,5
1898,rinds,5
1899,rings,5
1900,rinks,5
1901,rinse,5
1902,riots,5
1903,ripen,5
1904,rises,5
1905,risky,5
1906,rites,5
1907,ritzy,5
1908,rival,5
1909,river,5
1910,roach,5
1911,roads,5
1912,roams,5
1913,roans,5
1914,roars,5
1915,roast,5
1916,robes,5
1917,robin,5
1918,robot,5
1919,rocky,5
1920,rogue,5
1921,roils,5
1922,roles,5
1923,rolls,5
1924,roman,5
1925,romps,5
1926,roods,5
1927,roofs,5
1928,rooks,5
1929,roomy,5
1930,roost,5
1931,roots,5
1932,ropes,5
1933,roque,5
1934,roses,5
1935,rosin,5
1936,rotes,5
1937,rotis,5
1938,rotos,5
1939,rouge,5
1940,round,5
1941,rouse,5
1942,routs,5
1943,rover,5
1944,rowan,5
1945,rowdy,5
1946,rowed,5
1947,royal,5
1948,ruble,5
1949,rubys,5
1950,rucks,5
1951,ruddy,5
1952,ruder,5
1953,ruffs,5
1954,rugby,5
1955,ruins,5
1956,ruler,5
1957,rumba,5
1958,rumen,5
1959,rumor,5
1960,runes,5
1961,rungs,5
1962,runic,5
1963,runny,5
1964,runts,5
1965,rupee,5
1966,rural,5
1967,rusks,5
1968,rusts,5
1969,rutty,5
1970,ryots,5
1971,saber,5
1972,sacks,5
1973,sadly,5
1974,safes,5
1975,sagas,5
1976,sages,5
1977,saggy,5
1978,sahib,5
1979,sails,5
1980,saint,5
1981,saith,5
1982,sakes,5
1983,sales,5
1984,sally,5
1985,salon,5
1986,salsa,5
1987,salty,5
1988,salvo,5
1989,samba,5
1990,sands,5
1991,saner,5
1992,sappy,5
1993,saran,5
1994,sards,5
1995,saree,5
1996,sarge,5
1997,saris,5
1998,sassy,5
1999,sated,5
2000,satin,5
2001,satyr,5
2002,sauce,5
2003,sauna,5
2004,saves,5
2005,savoy,5
2006,savvy,5
2007,sawed,5
2008,saxes,5
2009,saxon,5
2010,sayso,5
2011,scabs,5
2012,scads,5
2013,scaly,5
2014,scams,5
2015,scant,5
2016,scary,5
2017,scent,5
2018,schmo,5
2019,schwa,5
2020,scion,5
2021,scoff,5
2022,scold,5
2023,scone,5
2024,scoop,5
2025,scope,5
2026,score,5
2027,scout,5
2028,scows,5
2029,scrap,5
2030,scree,5
2031,scrim,5
2032,scrub,5
2033,scuba,5
2034,scuds,5
2035,scuff,5
2036,scull,5
2037,scums,5
2038,scurf,5
2039,scuta,5
2040,seals,5
2041,seamy,5
2042,sears,5
2043,seats,5
2044,secco,5
2045,sedan,5
2046,seder,5
2047,sedge,5
2048,sedum,5
2049,seedy,5
2050,seeks,5
2051,seems,5
2052,seeps,5
2053,seers,5
2054,segue,5
2055,seize,5
2056,sends,5
2057,senor,5
2058,sepal,5
2059,sepia,5
2060,sepoy,5
2061,septa,5
2062,serfs,5
2063,serge,5
2064,serum,5
2065,servo,5
2066,setup,5
2067,seven,5
2068,sewed,5
2069,shack,5
2070,shaft,5
2071,shags,5
2072,shake,5
2073,shale,5
2074,shams,5
2075,shank,5
2076,shape,5
2077,shark,5
2078,shave,5
2079,shear,5
2080,sheds,5
2081,sheen,5
2082,sheik,5
2083,shell,5
2084,sherd,5
2085,shewn,5
2086,shied,5
2087,shill,5
2088,shims,5
2089,shine,5
2090,ships,5
2091,shirt,5
2092,shish,5
2093,shive,5
2094,shoal,5
2095,shock,5
2096,shoes,5
2097,shoji,5
2098,shone,5
2099,shoot,5
2100,shops,5
2101,shore,5
2102,shots,5
2103,shove,5
2104,shows,5
2105,shred,5
2106,shrub,5
2107,shuck,5
2108,shunt,5
2109,shush,5
2110,shuts,5
2111,shyer,5
2112,shyly,5
2113,sibyl,5
2114,sicks,5
2115,sides,5
2116,sidle,5
2117,siege,5
2118,sieve,5
2119,sifts,5
2120,sighs,5
2121,sigma,5
2122,signs,5
2123,silky,5
2124,silly,5
2125,silos,5
2126,silts,5
2127,since,5
2128,sinew,5
2129,sings,5
2130,sinks,5
2131,sinus,5
2132,siren,5
2133,sirup,5
2134,sitar,5
2135,sited,5
2136,sixth,5
2137,sized,5
2138,skate,5
2139,skeet,5
2140,skein,5
2141,skelp,5
2142,skeps,5
2143,skews,5
2144,skids,5
2145,skies,5
2146,skiff,5
2147,skill,5
2148,skims,5
2149,skins,5
2150,skirt,5
2151,skits,5
2152,skulk,5
2153,skunk,5
2154,slabs,5
2155,slack,5
2156,slags,5
2157,slain,5
2158,slake,5
2159,slams,5
2160,slank,5
2161,slaps,5
2162,slash,5
2163,slate,5
2164,slave,5
2165,slaws,5
2166,slays,5
2167,sleet,5
2168,slept,5
2169,slews,5
2170,slick,5
2171,slier,5
2172,slily,5
2173,slims,5
2174,sling,5
2175,slips,5
2176,slits,5
2177,slobs,5
2178,sloes,5
2179,slogs,5
2180,sloop,5
2181,slope,5
2182,slosh,5
2183,slots,5
2184,slows,5
2185,slued,5
2186,slugs,5
2187,slump,5
2188,slung,5
2189,slurp,5
2190,slush,5
2191,slyly,5
2192,smack,5
2193,small,5
2194,smart,5
2195,smash,5
2196,smear,5
2197,smelt,5
2198,smile,5
2199,smirk,5
2200,smith,5
2201,smock,5
2202,smoke,5
2203,smolt,5
2204,snack,5
2205,snags,5
2206,snail,5
2207,snaky,5
2208,snaps,5
2209,snare,5
2210,sneak,5
2211,sneer,5
2212,snick,5
2213,snide,5
2214,sniff,5
2215,snips,5
2216,snits,5
2217,snobs,5
2218,snook,5
2219,snort,5
2220,snout,5
2221,snowy,5
2222,snubs,5
2223,snuck,5
2224,snuff,5
2225,snugs,5
2226,soaks,5
2227,soaps,5
2228,soars,5
2229,sober,5
2230,socks,5
2231,sodas,5
2232,soddy,5
2233,sofas,5
2234,softy,5
2235,soggy,5
2236,soils,5
2237,solar,5
2238,soldi,5
2239,soled,5
2240,solid,5
2241,solos,5
2242,solve,5
2243,sonar,5
2244,songs,5
2245,sonic,5
2246,sonny,5
2247,sooth,5
2248,sophs,5
2249,soppy,5
2250,sorbs,5
2251,sorer,5
2252,sorts,5
2253,sorus,5
2254,sough,5
2255,souls,5
2256,sound,5
2257,soups,5
2258,sours,5
2259,souse,5
2260,sowed,5
2261,space,5
2262,spade,5
2263,spall,5
2264,spams,5
2265,spans,5
2266,spark,5
2267,spasm,5
2268,spate,5
2269,spawn,5
2270,spays,5
2271,spear,5
2272,specs,5
2273,speed,5
2274,spell,5
2275,spend,5
2276,spews,5
2277,spice,5
2278,spier,5
2279,spike,5
2280,spill,5
2281,spiny,5
2282,spite,5
2283,splat,5
2284,split,5
2285,spoil,5
2286,spoke,5
2287,spoon,5
2288,spore,5
2289,spots,5
2290,spout,5
2291,sprag,5
2292,spree,5
2293,spuds,5
2294,spumy,5
2295,spunk,5
2296,spurn,5
2297,squib,5
2298,stabs,5
2299,stack,5
2300,stage,5
2301,staid,5
2302,stake,5
2303,stand,5
2304,start,5
2305,state,5
2306,stern,5
2307,stick,5
2308,still,5
2309,stock,5
2310,stone,5
2311,story,5
2312,straw,5
2313,stuff,5
2314,style,5
2315,sugar,5
2316,super,5
2317,sweep,5
2318,swoop,5
2319,sword,5
2320,table,5
2321,taste,5
2322,teach,5
2323,teeth,5
2324,thank,5
2325,their,5
2326,there,5
2327,these,5
2328,thick,5
2329,think,5
2330,third,5
2331,those,5
2332,three,5
2333,throw,5
2334,tight,5
2335,title,5
2336,today,5
2337,torch,5
2338,total,5
2339,totem,5
2340,touch,5
2341,tough,5
2342,track,5
2343,trade,5
2344,train,5
2345,trash,5
2346,treat,5
2347,trial,5
2348,tribe,5
2349,trick,5
2350,truck,5
2351,trust,5
2352,truth,5
2353,tummy,5
2354,tusks,5
2355,twice,5
2356,twist,5
2357,ultra,5
2358,uncle,5
2359,under,5
2360,union,5
2361,until,5
2362,upper,5
2363,urban,5
2364,usual,5
2365,valid,5
2366,value,5
2367,valve,5
2368,venue,5
2369,verge,5
2370,vigor,5
2371,virus,5
2372,visit,5
2373,vital,5
2374,voice,5
2375,vowel,5
2376,wager,5
2377,waken,5
2378,walks,5
2379,watch,5
2380,water,5
2381,weeds,5
2382,where,5
2383,which,5
2384,whiff,5
2385,while,5
2386,white,5
2387,whole,5
2388,whose,5
2389,wooly,5
2390,words,5
2391,world,5
2392,worry,5
2393,worse,5
2394,worth,5
2395,would,5
2396,write,5
2397,wrong,5
2398,wrote,5
2399,young,5
2400,youth,5
